Customer,Company name,Category
A1B00,A1 BRAKES PTY LTD,3030
AAA02,AAA PARTS CENTRE,3020
ABC03,ABC BRAKE AND CLUTCH,3030
ABI01,ABI SERVICE TEAM,3030
ABS04,ABS MOORABBIN,3050
ABS06,ABSOLUTE SPARES PTY LTD,3030
ABS07,ABS SALISBURY,3030
ACE10,ACE INDUSTRIAL PTY LTD,3030
ACE11,ACE BRAKES SERVICE,3030
ACT04,ACTION AUTO ELECTRICS PTY LTD,3030
ACT15,A C T BRAKE SERVICE (store clo,3040
ACT22,ACT BRAKES AND SERVICING PTY L,3040
ACT23,ACT BRAKES AND SERVICING PTY L,3040
ADT00,ADTRANS TRUCK CENTRE PTY LTD,3030
ADV16,ADVANCED BRAKE & CLUTCH,3050
AER00,AERO DEFENCE PTY LTD,3020
AFG00,A F GASON PTY LTD,3010
AGP01,AG PARTS PTY LTD,3030
AGR11,J.J. O'CONNOR & SONS PTY. LTD.,3030
AGR13,AGRIMAC BALLARAT,3030
AGR14,AGRI-CON SOLUTIONS PTY LTD,3010
AGR15,AGRI-TECH SOLUTIONS INTERNATIO,3050
AJA00,A & J AUTO ONE,3020
AKN00,Nankervis Performance Boats,3030
ALB14,AUTOBARN ALBION PARK,3021
ALB15,ALBURY TRUCK & TRAILER PARTS,3010
ALB16,AUTOBARN ALBURY,3021
ALB19,ALBURY BRAKE & CLUTCH CENTRE,3030
ALB20,ALBANY CAR PARTS,3030
ALD00,AUTOPRO ALDINGA,3021
ALI07,ALICE SPRINGS AUTO PARTS,3020
ALL05,ALL TRANSPORT CRASH REPAIRS,3010
ALL25,ALL CAR SPARES,3020
ALL34,ALLIED PARTS,3020
ALL38,ALL CARBITZ PTY LTD,3040
ALL49,ALL WEST AUTO PARTS PTY LTD,3030
ALL57,ALLMOSTA AGENCIES,3030
ALL58,ALL CLUTCH & BRAKE,3050
AME00,AMERICAN AUTO PARTS,3030
ANY02,ANY MECHANICAL REPAIRS PTY LTD,3020
ARA01,JERRAMS AUTOPRO ARARAT,3021
ARC04,ARCHARD LASER & HYDRAULICS P/L,3030
ARM01,AUTOBARN ARMIDALE,3021
ASA04,AS AUTO & SPARES,3020
ASH01,ASHDOWN INGRAM,3020
ASH03,ASHDOWN PTY LTD,3020
ASH05,ASHDOWN INGRAM,3020
ASH10,ASHDOWN INGRAM,3020
ASH11,ASHDOWN INGRAM,3020
ASH12,ASHDOWN INGRAM,3020
ASH13,ASHDOWN INGRAM,3020
ASH14,ASHDOWN INGRAM,3020
ASH15,ASHDOWN INGRAM,3020
ASH17,ASHDOWN INGRAM,3020
ASH18,ASHDOWN INGRAM,3020
ASH19,ASHDOWN INGRAM,3020
ASH20,ASHDOWN INGRAM,3020
ASH22,ASHDOWN INGRAM,3020
ASH23,ASHDOWN INGRAM,3020
ASH24,ASHDOWN INGRAM,3020
ASH25,ASHDOWN INGRAM,3020
ASH27,ASHDOWN INGRAM,3020
ASH28,ASHDOWN INGRAM,3020
ASH31,ASHDOWN INGRAM,3020
ASH33,ASHDOWN INGRAM,3020
ASH34,ASHDOWN INGRAM,3020
ASH35,ASHDOWN INGRAM,3020
ASH36,ASHDOWN INGRAM,3020
ASH37,ASHDOWN INGRAM,3020
ASH38,ASHDOWN INGRAM,3020
ASH40,ASHDOWN INGRAM,3020
ASH41,ASHDOWN INGRAM,3020
ASH42,ASHDOWN INGRAM,3020
ASH43,ASHDOWN INGRAM,3020
ASH44,ASHDOWN INGRAM,3020
ASH45,ASHDOWN INGRAM,3020
ASH46,ASHDOWN INGRAM,3020
ASH47,ASHDOWN INGRAM,3020
ASH49,ASHDOWN INGRAM,3020
ASH50,ASHDOWN INGRAM,3020
ASH51,ASHDOWN INGRAM,3020
ASH52,ASHDOWN INGRAM,3020
ASH53,ASHDOWN INGRAM,3020
ASH54,ASHDOWN INGRAM,3020
ASH56,ASHDOWN INGRAM,3020
ASH58,ASHDOWN INGRAM,3020
ASP00,AUTOBARN ASPLEY,3021
ATP00,AUSTRALIA TRUCK PARTS,3030
AUB00,AUTOBARN AUBURN,3021
AUS17,AUSSIE AUTO YATALA,3030
AUS39,AUSSIE AUTO GOODNA,3030
AUS62,AUSTRALIAN BRAKE SLEEVING,3030
AUS95,AUSTRALIAN EXPLORATION ENGINEE,3030
AUSA1,AUSTRALIAN CLUTCH SERVICES P/L,3040
AUSA3,AUSSIE SOILS PTY LTD,3050
AUSB1,AUSBRAKE,3050
AUSS1,AUSSIE BRAKES AND MECHANICAL,3030
AUT02,USE AUT35,3030
AUT06,AUTOPRO KINGSCOTE,3021
AUT07,SPARE PART SOLUTIONS,3030
AUT08,AUTOPRO MEGASTORES PTY LTD,3021
AUT100,AUTOPRO BEGA,3021
AUT101,AUTO ONE MAROOCHYDORE,3020
AUT102,AUTOPRO SEYMOUR,3021
AUT103,AUTO PARTS SUPPLY QLD PTY LTD,3030
AUT104,AUTOPRO MORLEY,3021
AUT105,AUTOPRO LOXTON,3021
AUT106,AUTO PROTECT PTY LTD,3030
AUT107,AUTO ONE ROCKINGHAM/MELVILLE,3030
AUT109,AUTOPRO WARWICK,3021
AUT110,A1 AUTOPARTS WAUCHOPE,3030
AUT14,AUTOPARTS SURPLUS PTY LTD,3050
AUT19,AUTOPRO YOUNG,3021
AUT2,AUTO PARTS VICTORIA POINT,3020
AUT21,AUTOPRO NORTHAM,3021
AUT23,AUTOPRO BROOME,3021
AUT24,AUTOPRO SUPERSTORE BROWNS PLNS,3021
AUT25,AUTOPRO PORT LINCOLN,3021
AUT26,AUTOPRO ALBURY,3021
AUT27,AUTO PARTS TAHMOOR,3030
AUT29,AUTOPRO CALOUNDRA,3021
AUT31,AUTO ONE MINTO,3020
AUT33,AUTOZONE,3030
AUT35,AUTO HARDPARTS,3030
AUT37,AUTO ONE TOWNSVILLE,3020
AUT39,AUTO PARTS KING PTY LTD,3030
AUT40,AUTO ONE ARMADALE,3030
AUT42,AUTOPRO BENTLEY,3021
AUT45,AUTOBARN LAUNCESTON,3021
AUT49,MORISSET AUTO PRO,3020
AUT50,AUTO GEAR WALLAN,3030
AUT54,AUTO ONE BUSSELTON,3030
AUT55,AUTOPRO MILDURA,3021
AUT58,AUTOPRO KERANG,3021
AUT60,A1 AUTOPARTS PICTON,3030
AUT61,AUTOSHACK PARTS & ACCESSORIES,3040
AUT64,AUTOPRO ROXBY DOWNS,3021
AUT71,AUTOPRO DONNYBROOK,3021
AUT72,AUTOPRO TOM PRICE,3021
AUT74,AUTOPRO MIDLAND,3021
AUT75,AUTOPRO SOUTH HEDLAND,3021
AUT83,AUTOMOTIVE SUPPLIES NZ LTD,3050
AUT88,AUTOPRO MALAGA,3021
AUT89,AUTO CABLE & ACCESSORIES,3010
AUT90,AUTO AGENCIES P/L,3030
AUT93,AUTOMATE SPARES,3010
AUT999,AUTOMOTIVE BRANDS GROUP PTY LT,3021
AUTAB,AUTOLINE SALES,3020
AUTAB1,AUTOLINE SALES,3020
AUTB0,AUTOBARN DARWIN,3021
AUTB01,AUTOBARN BELLBIRD PARK,3021
AUTB09,AUTOBARN HEATHERBRAE,3021
AUTB1,AUTOBARN LAUNCESTON,3021
AUTB10,AUTOBARN HYPERDOME,3021
AUTB11,AUTOBARN SALE,3021
AUTB12,AUTOBARN BRAYBROOK,3021
AUTB13,AUTOBARN AIRPORT WEST,3021
AUTB14,AUTOBARN EDWARDSTOWN,3021
AUTB15,AUTOBARN CANNINGTON,3021
AUTB16,AUTOBARN BUSSELTON,3021
AUTB17,AUTOBARN CRAIGIEBURN,3021
AUTB18,AUTOBARN OSBORNE PARK,3021
AUTB19,AUTOBARN WAGGA WAGGA,3021
AUTB2,AUTOBARN NOOSA,3021
AUTB20,AUTOBARN ORANGE,3021
AUTB21,AUTOBARN ARMADALE,3021
AUTB23,AUTOBARN CARINGBAH,3021
AUTB24,AUTOBARN OCONNOR,3021
AUTB25,AUTOBARN GOULBURN,3021
AUTB26,AUTOBARN COBURG,3021
AUTB27,AUTOBARN GRAFTON,3021
AUTB28,AUTOBARN ENOGGERA,3021
AUTB29,AUTOBARN MOORABBIN DFO,3021
AUTB3,AUTOBARN LOGAN CITY,3021
AUTB30,AUTOBARN MIDLAND,3021
AUTB31,AUTOBARN MINCHINBURY,3021
AUTB32,AUTOBARN ERINA,3021
AUTB33,AUTOBARN ELLENBROOK,3021
AUTB34,AUTOBARN MALAGA,3021
AUTB35,AUTOBARN WARRAGUL,3021
AUTB36,AUTOBARN BELMONT,3021
AUTB37,AUTOBARN MANDURAH,3021
AUTB38,AUTOBARN BRENDALE,3021
AUTB39,AUTOPRO WHYALLA,3021
AUTB4,AUTOBARN RINGWOOD,3021
AUTB40,AUTOBARN PAKENHAM,3021
AUTB41,AUTOBARN LAKE HAVEN,3021
AUTB42,AUTOBARN PORT KENNEDY,3021
AUTB43,AUTOBARN KALGOORLIE,3021
AUTB44,AUTOBARN BUTLER,3021
AUTB45,AUTOBARN COCKBURN,3021
AUTB46,AUTOBARN FAIRFIELD,3021
AUTB47,AUTOBARN PORT STEPHENS,3021
AUTB5,AUTOBARN BALLINA,3021
AUTB6,AUTOBARN BATHURST,3021
AUTB7,AUTOBARN DELACOMBE,3021
AUTB8,AUTOBARN KWINANA,3021
AUTB9,AUTOBARN SUNSHINE(Store ID: 31,3021
AUTO1,AUTO BRAKE SERVICE DERWENT PAR,3020
AUTO10,AUTO ONE FYSHWICK,3030
AUTO11,AUTO ONE SINGLETON,3030
AUTO5,AUTOPARTS WORLD P/L,3031
AUTO7,AUTO ONE NSW DISTRIBUTION,3030
AUTO8,AUTO ONE BELCONNEN,3030
AUTO9,Closing  2nd April,3030
AVE00,AVESKA PTY LTD,3030
B-R00,B&R BRAKES BLACKTOWN,3030
B-R01,B&R BRAKES CASTLE HILL,3030
BAI02,AUTOBARN BAIRNSDALE,3021
BAL09,LUSKY'S AUTOMOTIVE,3030
BAL15,BALLARAT INDUSTRIAL SUPPLIES,3010
BAL20,AUTOBARN BALLARAT,3021
BAL27,BALANCE AUTOMOTIVE P/L,3050
BAN05,AUTOBARN BANKSTOWN,3021
BAR21,BARRO GROUP PTY LIMITED,3030
BAR32,BARWON BRAKE AND CLUTCH,3050
BAR33,BARTON MOTORS PTY LTD,3020
BAT05,BATEMANS BAY BRAKE AND CLUTCH,3030
BAT09,BATES FARM MACHINERY PTY LTD,3030
BAY12,AUTOBARN BAYSWATER,3021
BCW00,ROLLING BEARINGS WEST,3030
BDB00,B & D BAILEYS BRAKE & CLUTCH S,3030
BEA10,BEARINGS & INDUSTRIAL SUPPLIES,3030
BEE00,BEERWAH AUTOMOTIVE PARTS,3020
BEE02,AUSSIE AUTO BEENLEIGH,3010
BEE03,AUTOBARN BEENLEIGH,3021
BEE05,BEENLEIGH BEARINGS & SUSPENSIO,3020
BEE10,A1 AUTOPARTS BENDIGO,3020
BEL22,AUTOBARN BELCONNEN,3021
BEL28,BELLE-VUE TRADING PTY LTD,3010
BEN05,AUTOBARN BENDIGO,3021
BEN09,AUTOBARN BENDIGO,3021
BEN13,BENDIGO SPEEDOMETER & INSTRUME,3030
BEN15,BENDIGO SPECIALIST BRAKE AND C,3050
BEN16,BENPARTS PTY LTD,3020
BET01,BETTER BRAKES (VICTORIA) PTY L,3050
BET02,BETTER BRAKES GOLD COAST PTY L,3030
BET03,BETTER BRAKES CHELTENHAM PTY L,3030
BJB00,BSC INDUSTRIAL,3030
BKB02,BKB PUMPING SOLUTIONS,3030
BLA02,AUTOBARN BLACKTOWN,3021
BLA09,BLACKTOWN AUTO SPARES,3031
BLA21,BLACKTOWN AUTO ONE,3020
BLA24,A1 AUTO PARTS BLACKTOWN,3020
BLI01,B-LINE AUTO,3030
BNR01,B&R BRAKES CASTLE HILL,3030
BP000,B&P BRAKE PERFORMANCE,3020
BPW00,BP WILLOW SERVICE STN,3050
BRA11,BRAKE & CLUTCH SUPPLIES,3010
BRA12,BRAKE CLUTCH & SUSPENSIONS,3030
BRA14,AUTOPARTS CENTRAL,3040
BRA17,BRAKELAND,3030
BRA18,BRAKE AND CLUTCH SERVICE,3030
BRA19,BRAMAC POWER BRAKE SPECIALISTS,3030
BRA20,BRAKES PLACE MITCHAM,3030
BRA34,AUTOPARTS CENTRAL,3040
BRA42,BRAKENAUTO PARTS,3010
BRA46,BRAKE & CLUTCH WAREHOUSE P/L,3050
BRA47,BRAKES AND MORE PTY LTD,3031
BRA50,BRAKEWEST PTY LTD,3030
BRA51,BRABOND BRAKES (PENSHURST) PTY,3030
BRA52,BRAKE POINT,3030
BRI34,BRISBANE BRAKE & CLUTCH SUPPLI,3010
BRO07,AUTOBARN BROWNS PLAINS,3021
BRO08,BROWNS STOCKFEED PTY LTD,3030
BRO10,AUTOBARN BROWNS PLAINS,3021
BRO12,AUTO ONE BROWNS PLAINS,3030
BRO14,BROKEN HILL AUTO PARTS,3030
BSB00,B & S BUDGET AUTO PARTS,3020
BUC03,BUCKLAND AUTO ELECTRICAL,3020
BUD00,BUDGET AUTO PARTS,3010
BUL05,BULLSEYE AUTOPART CENTRE,3030
BUL06,BULLSEYE AUTOPART CENTRE,3020
BUN04,AUTOBARN BUNDALL,3021
BUN08,AUTOBARN BUNDABERG,3021
BUN12,BUNBURY AUTO ONE,3030
BUR04,BURT BROS AUTOMOTIVE SERVICES,3030
BUR13,AUTOBARN BURLEIGH,3021
BUR21,AUTOBARN BURLEIGH HEADS,3021
BUR30,AUTOBARN BURNIE(use DEV02),3021
BUR32,AUTOBARN BURLEIGH HEADS,3021
BUR81,BURPENGARY AUTO SPARES,3020
BYR00,BYRON STREET AUTO ELECTRICS,3020
BYR04,BYRON SPARES (use INV02),3020
CAB12,AUTOBARN CABOOLTURE,3021
CAI00,AUTO ONE CAIRNS,3020
CAI02,AUTOBARN CAIRNS,3021
CAM03,CAMPBELLFIELD TRUCK ELECTRICS,3020
CAM11,CAMPASPE IRRIGATION,3030
CAM14,AUTOBARN CAMPBELLTOWN,3021
CAN04,CANBERRA AUTO PARTS,3020
CAN05,CANOBOLAS AUTO ONE / JOLEE,3030
CAN09,CANNINGVALE AUTO PARTS,3021
CAN10,BURSON AUTO PARTS CANNING VALE,3010
CAN11,AUTO ONE CANNINGTON,3030
CAN13,AUTOBARN CANNON HILL,3021
CAP11,AUTOBARN CAPALABA,3021
CAR10,CAR STEREO REPAIRS,3010
CAR11,CARTER'S CLUTCH & BRAKE SVCE,3040
CAR13,CARTER'S CLUTCH & BRAKE SVCE,3040
CAR15,CAR PARTS PLUS,3050
CAR16,AUTOBARN DANDENONG,3021
CAR26,CAR PARTS (NT),3020
CAR44,AUTOBARN CAROLINE SPRINGS,3021
CAR49,AUTOPRO CARNARVON,3021
CAR51,CARRIER AUSTRALIA PTY LTD,3010
CAS50,CASH SALES - RETAIL (SA),3020
CBC00,MOTION ASIA PACIFIC GROUP,3030
CEN06,CENTRAL AUTO SERVICE,3030
CEN17,CENTRAL WESTERN BRAKE & CLUTCH,3030
CEN18,CENTRAL SPARES,3020
CEN19,MAXIPARTS - WARNERVALE,3030
CEN20,CENTRAL COAST CLUTCH & BRAKE P,3030
CEN21,CENTRAL COAST CLUTCH & BRAKE,3030
CEN22,CENTRAL AUTO PARTS,3020
CEN23,CD POWER,3020
CHA05,AUTOBARN CHADSTONE,3021
CHA20,CHATSWOOD BRAKE & CLUTCH,3030
CHA28,CHAIN & DRIVES AUSTRALIA PTY L,3010
CHE06,CHEVPARTS,3020
CHE10,CHEAPA AUTO SPARES TOWNSVILLE,3030
CHE11,CHEAPA AUTO SPARES INGHAM,3030
CHE19,CHEAPA AUTO SPARES-ASHMORE,3030
CHE20,CHEAPA AUTO SPARES-CURRUMBIN,3030
CHE23,CHEAPA AUTO SPARES-OXENFORD,3030
CHE24,CHEAPA AUTO SPARES-MUDGEERABA,3030
CHI09,AUTOBARN CHIRNSIDE PARK,3021
CLA15,AUTOBARN CLAYTON,3021
CLA19,AUTOPRO/SPRINT CLARE,3021
CLA29,CLANCY'S AG PTY LTD,3010
CLA30,CLARKES QUALITY BRAKE & CLUTCH,3030
CLA31,CLARK EQUIPMENT SALES PTY LTD,3020
CLI03,CLIFF WRIGHT MOTORS,3030
CLO02,AUTO ONE CLOVERCREST,3030
CLU01,CLUTCH & BRAKE SPECIALISTS,3030
CLU03,CLUTCH DIRECT PTY LTD,3030
CMI03,CMI HINO,3030
COA07,COASTAL BRAKE & CLUTCH SERVICE,3030
COB00,TRUCKZONE PTY LTD,3030
COC08,COCKYS AUTO MART (SA) PTY LTD,3050
COF03,AUTOBARN COFFS HARBOUR,3021
COL07,MAXIPARTS - WINGFIELD,3030
COL18,AUTO ONE COLLIE,3030
COL19,COLLIER & MILLER PTY LTD,3010
COL20,MAXIPARTS,3030
COL23,AUTOPRO COLAC,3021
COM17,COMMERCIAL BRAKE AND CLUTCH SU,3030
COM25,COMBINED RURAL TRADERS,3010
CON05,CONDELL PARK SPARES,3010
COO15,COOLUM CAR BITZ P/L,3030
COO18,COOROY CAR PARTS,3030
COV05,COVS PARTS PTY LTD,3030
CRA02,AUTOBARN CRANBOURNE,3021
CRO00,AUTOBARN CROYDON,3021
CUM13,CUMMINS DIESEL AUSTRALIA,3030
CUR05,CURRAJONG BRAKE PARTS & SERVIC,3020
CUS15,CUSTOM CLASSIC BODY SHOP,3050
DAI02,DAIMLER TRUCKS LAVERTON,3030
DAL08,DALBY ENGINE REBUILDERS,3030
DAN09,DANDENONG AUTO PARTS PTY LTD,3050
DAP01,DAPTO CLUTCH & BRAKE PTY LTD,3030
DAR06,DARYL ROBERTSON AUTOELECTRICAL,3030
DAR09,DARBY'S BRAKE & CLUTCH P/L,3030
DAS01,DASCO SUPPLY GROUP,3010
DAT00,DATSPORT,3020
DAV02,DAVIES AUTOMOTIVE & INDUSTRIAL,3030
DAW00,DAWMAC INDUSTRIES,3030
DEC04,DECON TECHNOLOGIES PTY LTD,3030
DEN11,DENILIQUIN MACHINERY,3030
DEN12,AUTOBARN DENILIQUIN,3021
DES03,DES MUNDAY & SON ENG. SUPP.,3030
DEV00,AUTOBARN DEVONPORT,3021
DEV02,AUTOBARN BURNIE,3021
DIM01,AUTOPRO KILKENNY,3030
DIS02,DISCOUNT BRAKE AND CLUTCH,3010
DIS07,DISCOUNT BRAKE AND CLUTCH,3010
DNA00,DNA AUTO PARTS,3010
DON01,AUTOBARN DONCASTER,3021
DON04,DON KYATT SPARE PARTS,3010
DOO00,DOOSIDE (USE DOO01),3020
DOO01,DOONSIDE AUTO PARTS,3020
DUB01,AUTOBARN DUBBO,3021
DUG02,DUGGANS TYRE CENTRE,3010
DUS00,DUSTINGS RACE TEAM,3030
EAS06,EASTERN AUTOMATION PTY LTD,3030
EAS19,EAST COAST AUTO PARTS,3030
ECB00,ENFIELD CLUTCH & BRAKE SERVICE,3050
ECH00,AUTOBARN ECHUCA,3021
EDG01,EDGEWORTH AUTO PARTS,3030
EDW02,SPRINT AUTO PARTS EDWARDSTOWN,3030
EFA00,E & F AUTOPRO,3021
EIL00,EILDON INDUSTRIES,3010
EKR00,AUTO ONE MUDGEE,3030
ELI01,AUTOBARN ELIZABETH,3021
ELT02,AUTOBARN ELTHAM,3021
EME00,AUTOBARN EMERTON,3021
EME06,AUTOPRO EMERALD,3021
ENF00,AUTOPRO/SPRINT ENFIELD,3021
ENG02,HENDERSON MOTORS,3030
EPA00,E PARROTT & SON LTD,3030
EPP03,AUTOBARN EPPING,3021
EPV00,EPV SPECIALTY SERVICE CENT PL,3010
EQU03,EQUIPE AUTO PARTS,3030
EUR05,EURO STAR CAR PARTS PTY LTD,3030
EUR06,EUROAUS AUTOMOTIVE PTY LTD,3030
EUR07,EUROASIAN PRESTIGE CAR PARTS P,3030
EXP04,SGS AUSTRALIA,3020
FAI03,FAIRBANK AUTOPRO,3021
FAR04,AUTOPRO MUSWELLBROOK,3021
FAW00,FAWKNER CLUTCH & BRAKE,3050
FER01,AUTOBARN FERNTREE GULLY,3021
FIR04,FIRST CHOICE AUTOMOTIVE PARTS,3040
FIS02,FISHOP FALCON,3010
FLE00,FLEETPARTS AUSTRALIA LTD,3030
FOR54,FORKLIFT & MORE,3010
FRA11,AUTOBARN FRANKSTON,3021
FRY01,FRY'S SPARES,3030
FRY02,FRY'S SPARES,3030
GAM02,GAMBIER WEST BRAKE SERVICE PL,3030
GAT02,GATTON SPARE PARTS,3021
GAW05,AUTOPRO GAWLER,3021
GEE03,AUTOBARN GEELONG NORTH,3021
GEE07,GEELONG BRAKE & CLUTCH PTY LTD,3030
GEM02,GEMINI AUTO SPARES,3031
GEM03,GEMILANG AUSTRALIA PTY LTD,3030
GER04,GERALDTON FISHERMEN'S CO-OPERA,3030
GER07,GERALDTON AG SERVICES,3030
GIB03,GIBBOS AUTO SPARES,3030
GIB05,GIBBOS AUTO SPARES,3020
GIB06,GIBBOS AUTO SPARES,3030
GIL01,AUTOBARN GILLES PLAINS,3021
GIL02,GILBERT & ROACH P/L,3030
GIP03,GIPPSLAND TRUCK CENTRE PTY LTD,3030
GLA05,AUTOBARN GLADSTONE,3021
GLA06,GLADSTONE CITY BRAKE & CLUTCH,3030
GLA09,AUTOBARN GLADSTONE,3021
GLA10,AUTOPRO GLADSTONE,3021
GLE10,AUTOBARN GLENORCHY,3021
GLI01,GLICKS AUTO PLUS & 4WD CENTRE,3030
GLI02,GLICKS AUTO PLUS & 4WD CENTRE,3030
GLO00,GLOBAL PARTS WHOLESALERS,3030
GLO05,GLOSSOP STREET SPARES,3030
GLO06,GLOBAL TRIM,3050
GLO12,GLOBELINE AUTO PARTS,3030
GOL07,GOLDFIELDS TRUCK POWER,3030
GOL10,GOLD COAST BRAKES AND MECHANIC,3030
GOL14,GOLDFIELDS AUTO SPARES,3030
GOP00,GO PARTS,3050
GOS06,A1 AUTOPARTS GOSFORD,3040
GOU00,AUTO ONE GOULBURN,3030
GOU02,GOULBURN FARM MACHINERY,3020
GPA01,GP AUTO SPARES,3030
GRA16,GRANT WALKER MOTORS,3030
GRE02,AUTOBARN GREEN VALLEY,3021
GRE22,AUTOBARN GREENSBOROUGH,3021
GRI06,AUTOBARN GRIFFITH,3021
GTP00,GT PRODUCT SALES,3040
GTS01,GT SHOP PTY LTD,3030
GUI02,GUILDFORD SPARES,3031
GUN08,GUNNEDAH AUTO CENTRE,3020
GYM00,AUTOBARN GYMPIE,3021
HAC01,HACKETT'S DISCOUNT TYRES,3010
HAL14,HALLAM BRAKE & CLUTCH,3030
HAN07,HANSENS AUTO ELEC,3010
HAS03,HASTINGS RIVER BRAKE&CLUTCH,3030
HAW15,AUTO ONE WINDSOR,3040
HEN10,HENRY'S TRUCK & TRAILER PTY LT,3030
HER02,AUTOPRO HERVEY BAY,3021
HER03,AUTOBARN HERVEY BAY-DoNotUse,3021
HER04,AUTOBARN HERVEY BAY,3021
HES00,HESSIONS AUTO PARTS,3030
HIG02,HIGH COUNTRY PARTS & 4X4,3050
HIG04,HIGHWAY CLUTCH & BRAKE PTY LTD,3050
HIG09,HIGHTEK BRAKES  P/L,3030
HIL00,HILLS AUTOMAN,3030
HIL09,HILLS AUTO PTY LTD,3020
HIT13,HITECH BRAKE & CLUTCH SERVICES,3030
HMT00,H.M. TRANSPORT MAINTENANCE PTY,3030
HOL19,HOLDSPARES,3030
HOL21,HOLDENT,3010
HOM00,HOMERSHAM LTD,3010
HOM02,AUTOPARTS HOMEBUSH,3020
HOP02,AUTOBARN HOPPERS CROSSING,3021
HOR00,HORSHAM BEARINGS,3030
HOR14,HORSHAM AUTO ELECTRICAL,3030
HOX01,HOXTON PARK AUTO PARTS P/L,3020
HUN08,HUNTS AUTO SPARES,3030
HUR01,AUTOBARN HURSTVILLE,3021
HUT00,HUTCHEON AND PEARCE OPERATIONS,3020
HUT01,AUTOPRO MURRAY BRIDGE,3030
HYD15,HYDRAULIC & PNEUMATIC (VIC),3020
HYD19,HYDENG PTY LTD,3030
HYS08,HYSPEC HYDRAULICS,3010
IAN02,IAN JONES AUTO PARTS P/L,3020
IND09,INDEPENDENT CAR PARTS PTY LTD,3050
INS07,INSTANT PARTS,3030
INT04,INTERNATIONAL MARINE,3030
INT08,INTERPART PTY LTD,3030
INV02,BYRON SPARES,3021
IPS05,AUTOBARN IPSWICH,3021
ISA00,ISA AUTO SUPPLIERS,3020
ISR00,ISR TRUCK CITY,3030
ISW00,ISW TRADING VIRGINIA,3030
ISW01,ISW TRADING SUNSHINE WEST,3030
JAC06,JACKSON'S PARTS N INDUST,3010
JAS00,JAS OCEANIA PTY LTD,3030
JAS01,JAS OCEANIA PTY LTD,3030
JAS02,JAS OCEANIA PTY LTD,3030
JAS03,JAS OCEANIA PTY LTD,3030
JAS04,JAS OCEANIA PTY LTD,3030
JAY02,JAEDEES TRUCK AND AUTO,3020
JBS00,J B SCOTT PTY LTD,3030
JCS00,J.C. SPARES,3030
JES00,JESS' BETTER PARTS,3020
JIM02,A1 AUTOPARTS NORTH RICHMOND,3030
JIM03,PEPS AUTO SPARES ENGADINE,3040
JIM05,ROYLANCE'S,3020
JNA00,J & N AUTO PARTS & ACCESSORIES,3030
JOY04,JOYCE HOLDINGS P/L,3030
K-N00,K & N AUTO PARTS,3030
KAC00,KAC GENERATION & MECHANICAL PT,3010
KAD01,AUTO ONE KADINA,3030
KAL00,AUTO ONE KALAMUNDA,3030
KAM02,KAM AUTO PARTS,3030
KAP01,KAPUNDA HARDWARE & GARDEN CENT,3020
KAT01,AUTOPRO KATHERINE,3021
KAT02,BURSON AUTO PARTS KATOOMBA,3020
KAT03,BURSON AUTO PARTS KATHERINE,3021
KAW01,AUTOBARN KAWANA WATERS,3021
KAW02,KAWANA BRAKES- DONLOV PTY LTD,3020
KEM02,KEMPS MULTIPARTS,3030
KEN05,AUTO ONE MASCOT / KENSINGTON,3030
KHE00,K H EQUIPMENT PTY LTD,3030
KIL06,KILMORE AUTO SUPPIES,3030
KIN00,KINGS BRAKE SERVICE,3030
KIN01,AUTO ONE BALCATTA,3030
KKA00,AUTOPRO (K & K AUTO PARTS),3021
KMA05,KEN MATTHEWS AUTO & MOWER CENT,3010
KNM00,K & M AUTOMOTIVE SERVICES,3030
KOR01,KOR EQUIPMENT SOLUTIONS P/L,3030
KSA00,KSA TRUCK PARTS,3030
KUN00,KUNUNURRA 4WD SPARES,3030
KUN02,AUTOPRO KUNUNURRA,3021
KYA01,AUTOPRO KYABRAM,3021
KYN01,AUTOPRO KYNETON,3021
KYN02,AUTOPRO CASTLEMAINE,3021
LAK09,LAKES AUTO PARTS & ACCESSORIES,3030
LAU00,AUTOPRO LAURIETON,3021
LAW04,AUTOBARN LAWNTON(closed),3021
LEE09,LEETON AUTO GEAR,3020
LEE11,LEE'S SPARE PARTS & PERFORMANC,3030
LEM00,LEMANS MOTORS (WOOLLOONGABBA),3020
LEO00,AUTOPRO LEONGATHA,3021
LIE03,LIESCHKE MOTORS PTY LTD,3030
LIL03,LILYDALE BRAKE & CLUTCH,3050
LIQ03,LIQUIP SALES NZ LTD,3030
LIS02,AUTOBARN LISMORE,3021
LKD00,L K DIESEL SERVICE,3010
LUX00,LUXFORDS MARINE & INDUSTRIAL,3010
MAC01,MACKAY SPARE PARTS,3010
MAC26,MACH 1 AUTO ONE,3030
MAC28,MACKS AUTO & TYRE CENTRE,3020
MAC39,AUTOBARN MACKAY,3021
MAG02,MAGNET SPARES,3010
MAI04,AUTOBARN MAITLAND,3021
MAI08,MAITLAND AUTO ONE,3020
MAI18,AUTOPRO MAITLAND,3021
MAL09,MALENY AUTO SPARES,3020
MAN18,AUTOWEST,3030
MAN26,MANSFIELD PARTS CENTRE,3030
MAN28,MANNUM AUTO PARTS,3030
MAP01,MURGON AUTO PARTS & OUTDOORS,3030
MAR28,MARSON REPAIRS & HIRE PTY LTD,3010
MAR34,AUTOPRO MARGARET RIVER,3021
MAR48,MARYBOROUGH BEARINGS & IND SPL,3010
MAR59,AUTOBARN MARYBOROUGH,3021
MAR62,AUTOBARN MAROOCHYDORE,3021
MAR99,MARKETING - TRIAL SITES,3030
MAS00,MASS DRILL AND BLAST P/L,3020
MAS06,MASTER BRAKE & CLUTCH,3050
MAT00,MATILDA AUTO PARTS,3030
MAT01,MATTHEWS BROS ENGINEERING PTY,3030
MAX08,AUTOPRO NARRABRI,3021
MAX11,MAXIPARTS PTY LTD,3030
MAX14,MAXIPARTS - WINNELLIE,3030
MAX15,MAXIPARTS - BENDIGO,3030
MAX20,MAXIPARTS - BURPENGARY,3030
MAX21,MAXIPARTS - GLADSTONE,3030
MAX22,MAXIPARTS - IPSWICH,3030
MAX23,MAXIPARTS - MACKAY,3030
MAX24,MAXIPARTS - PARKINSON,3030
MAX25,MAXIPARTS - YATALA,3030
MAY06,MAYDAY AUTO PARTS &ACCESSORIES,3050
MAZ05,MAZCARE,3020
MCB01,MCBURNIE GROUP PTY LTD,3030
MCD06,MCDONALD MURPHY MACHINERY,3010
MCG03,AUTOBARN MACGREGOR,3021
MCI03,MCINTOSH & SON,3030
MDN00,MD & NS EVANS PTY LTD (Autopro,3030
MEG03,MEGA PARTS AUTO ONE,3030
MEK01,MEKONG SPARE PARTS,3030
MEL05,AUTOBARN MELTON,3021
MEL06,MELBOURNE TRUCK CENTRE,3030
MEL13,MELBOURNE TRACTORS PTY LTD,3030
MET24,METRO AUTO SPARES,3030
MID11,MIDTOWN AUTO ONE,3030
MID19,AUTO ONE MIDLAND,3030
MIK05,MIKE STREET'S AUTO PARTS PTY L,3020
MIL07,AUTOBARN MILDURA,3021
MIL16,MILDURA TRUCK CENTRE,3010
MIL18,AUTOBARN MILE END,3021
MIL24,AUTOBARN MILE END,3021
MKZ00,mkz,3020
MMM00,MMM MACHINERY PTY LTD,3030
MON00,AUTOBARN MONA VALE,3021
MOO08,AUTOBARN MOONAH,3021
MOO09,AUTOPRO MOORA,3021
MOO15,AUTOPRO MOORA (USE MOO09),3021
MOP00,MOPARTS PTY LTD,3050
MOR00,MORAWA RURAL ENTERPRISES,3010
MOR03,AUTOBARN MORNINGTON,3021
MOR06,GTC AUTO PARTS,3030
MOR18,MOREE REPLACEMENT PARTS,3020
MOR30,MORPHETT VALE BRAKE & CLUTCH,3030
MOS01,MOSS VALE AUTO PARTS,3030
MOT06,MOTOR SPARES,3030
MOT07,MOTOR SPARES,3030
MOT16,MOTOR SPARES,3031
MOT19,MOTOR COMPONENTS,3050
MOT22,MOTOR CO PTY LTD,3020
MOT29,MOTORMATE - AUTOPRO ELIZABETH,3030
MOU07,AUTOBARN MOUNT GAMBIER,3021
MOU12,AUTOBARN MOUNT ISA,3021
MOU13,MOUNT SHOP LTD,3010
MOU15,MOUNTS MACHINERY,3020
MTB02,AUTOBARN MT BARKER,3021
MTB03,AUTOPRO MT BARKER,3030
MTD00,AUTOBARN MT DRUITT (closed),3021
MUD02,MUDGEE SPARES AUTO ONE,3031
MUR12,MURRAY BRIDGE AUTO PARTS,3030
MYT00,MY TUFF 4X4,3010
NAM01,NAMIISS GAUGE & CONTROL,3030
NAM05,AUTOBARN NAMBOUR,3021
NAN03,NANANGO SPARE PARTS,3030
NAR08,AUTOBARN NARRE WARREN,3021
NBC00,NBC ENGINEERING,3030
NBS01,NBS BRAKE SUPPLIES,3030
NEL02,NELSON INSTRUMENT AND CONTROL,3020
NEP00,NEPEAN SPARE PARTS PTY LTD,3031
NEW20,NEW BRAKES AND MECHANICAL REPA,3050
NOA01,AUTOBARN NOARLUNGA,3021
NOA02,AUTOPRO NOARLUNGA,3030
NOE00,NOEL COMERFORDS AUTO PARTS AN,3030
NOL01,NOLANS AUTO PARTS,3030
NOL03,NOLAN CYLINDER HEADS AND AUTO,3030
NOO00,AUTOPRO NOOSA,3021
NOR01,NORTH BRISBANE TRUCK SPARES,3030
NOR23,NORTHERN FLEET MAINTENANCE,3050
NOR24,AUTOBARN ALTONA,3021
NOR28,NORTH ESSENDON GROUP AUTO SPAR,3050
NOR54,NORTH EASTERN BEARINGS,3030
NOR70,NORTHERN BRAKE & CLUTCH P/L,3050
NOR73,NORTH EAST EXHAUST & BRAKE,3030
NOW00,AUTOBARN NOWRA,3021
NST99,FLEXIBLE DRIVE NSW SALES TEST,3030
NUN00,AUTOBARN NUNAWADING,3021
NUR01,AUTOPRO/SPRINT NURIOOTPA,3021
ODI00,ODIN AUTO PARTS PTY LTD,3030
OLD01,OLD SKOOL AUTO PARTS,3020
ORA00,ORANGE BRAKE & CLUTCH CENTRE,3031
ORA01,AUTOBARN ORANGE,3021
ORA04,AUTOBARN ORANGE,3021
OSB06,OSBORNE BRAKE SUPPLIES,3030
OUT00,OUT AND ABOUT BRAKES,3030
OZI00,OZIE SPARE PARTS AND ACCESSORI,3040
OZI01,AUTO ONE CHIPPING NORTON,3040
P-B00,PETERSONS GLOBAL SALES LTD,3030
P-H00,P&H JENNINGS HEAVY MACHINERY G,3010
PAB00,PABS DISCOUNT CARPARTS,3031
PAC03,PACIFIC SPARES AUTO ONE,3030
PAC13,PAC PERFORMANCE,3020
PAK01,STARK INDUSTRIES OZ PTY LTD,3030
PAL04,AUTOBARN PALMERSTON,3021
PAR10,PARRAMATTA BRAKE & CLUTCH SERV,3030
PAR13,PARTS IN MOTION P/L,3050
PAR18,PART MASTERS PTY LTD,3030
PAR19,PARTS FOR CARS,3030
PAR20,PARKES BEARINGS 'N PARTS PTY L,3020
PAY05,PAYLESS AUTO SPARES,3030
PED01,PEDDERS SUSPENSION & BRAKES BE,3030
PEN00,AUTOBARN PENRITH,3021
PEN02,AUTOBARN PENRITH,3021
PEN03,PENINSULA AUTO SPARES (QLD) PL,3030
PEN04,PENRITH BRAKE & CLUTCH SERVICE,3030
PEP03,PEP S AUTO SPARES-NOWRA,3020
PEP05,PEP'S AUTO SPARES - NARELLAN,3030
PEP06,PEPS AUTO SPARES (LIVERPOOL),3030
PEP10,AUTO ONE TAREE,3020
PER14,PERTH BRAKE PARTS,3050
PER18,PERTH BRAKE CLUTCH & EXHAUST,3030
PHI00,AUTOBARN PHILLIP,3021
PHI15,PHILIPS AUTO ELECTRICAL SUPPLI,3030
PIN02,AUTO ONE PINJARRA,3030
PIR02,AUTOPRO PORT PIRIE,3021
PIR04,PIRTEK BALLARAT,3030
PJA01,PARTS 4 OCEAN GROVE,3030
POO00,POOLE & JACKSON P/L,3030
POP04,POPS INDUSTRIAL,3030
POR14,AUTO ONE PORT AUGUSTA,3030
POR19,AUTOBARN PORT MACQUARIE,3021
POR20,AUTOBARN PORT MACQUARIE,3021
POR21,AUTOPRO PORT LINCOLN,3021
POR22,PORT ADELAIDE AUTO PARTS,3050
POR23,PORTLAND AUTO SPARES P/L,3010
POR25,AUTOPRO PORT AUGUSTA,3021
POW07,POWERTECH GROUP PTY LTD,3030
POW09,A1 AUTOPARTS GOROKAN,3020
POW29,POWER BRAKES SA PTY LTD,3050
POW30,POWER EQUIPMENT PTY LTD,3010
PRE13,AUTOBARN PRESTON,3021
PRE19,PRECEDENCE GEN AUTOMOTIVE,3010
PRE26,PREMIUM BRAKE AND CLUTCH SERVI,3030
PRO03,PROPARTS MITTAGONG,3030
PRO04,PROSERPINE AUTO ELECTRICS P/L,3030
PRO27,PRO PARTS AUTO ONE MORLEY,3030
PRO34,PROPARTS AUST,3030
PUM04,PUMPSET TECHNOLOGY LIMITED,3020
QLT99,FLEXIBLE DRIVE QLD SALES TEST,3030
QUE02,MAXIPARTS - RICHLANDS,3030
QUI03,QUINLAN AUTO SPARES,3030
RAC01,RACE BRAKE SYDNEY,3031
RAC05,RACEWAY MOTORCYCLES,3030
RAN02,RANDALLS EQUIPMENT CO (VIC) PL,3030
RAP01,RAPID HOSE SYSTEMS BENALLA,3030
RAR00,RARE SPARES ADELAIDE,3020
RAR01,RARE SPARES BRISBANE,3050
RAR03,RARE SPARES BRISBANE,3050
RAR04,RARE SPARES BRISBANE SOUTH,3050
RAR05,RARE SPARES GOLD COAST,3050
RAR06,RARE SPARES ADELAIDE,3030
RAR07,RARE PARTS WA,3030
RAV01,BURSON AUTO PARTS RAVENHALL,3020
RAY08,AUTOPRO RAYMOND TERRACE,3021
RDO00,RDO EQUIPMENT PTY LTD,3010
RE474,RAP CLAREMONT,3010
RE578,MOTO PARTS ON THE MOVE,3030
REA00,REALPORT TRADERS,3030
RED21,REDWOOD CLASSIC CARS,3010
REG00,REGIONAL AUTO SUPPLIES,3031
REL00,RELIANCE BRAKES & MECHANICAL P,3031
REP03,REPAIRCRAFT PLC,3030
RES05,RESTORATION SPARES,3020
REV00,REVVINS AUTOPRO CESSNOCK,3021
REX04,REXEL AUSTRALIA (NSW),3020
REX05,REXEL AUSTRALIA (QLD),3020
RIN00,RINLATECH ENGINEERING PTY LTD,3010
RIN03,AUTOBARN RINGWOOD,3021
RIV07,RIVERLAND AGRI SERVICES,3020
RJA01,AUTOPRO CEDUNA,3021
ROB11,ROBINSON INSTRUMENTS 2021 LTD,3030
ROB18,AUTOPRO ROBINVALE(use ROB18),3021
ROB25,AUTOPRO ROBINVALE,3021
ROC04,AUTOBARN ROCKHAMPTON,3021
ROC05,ROCKHAMPTON AUTO SPARES,3030
ROC20,ROCKINGHAM AUTO ONE,3030
ROC25,AUTOPRO ROCKHAMPTON,3021
ROC32,ROCKWELL TECHNOLOGY,3020
ROG04,ROGER SMITH AUTO PARTS,3030
ROT06,no use AUTOBARN ROTHWELL NO US,3021
ROT09,ROTOR SPORT DEVELOPMENTS,3020
ROT10,AUTOBARN ROTHWELL,3021
ROT11,ROTARET HYDRAULIC ENGINEERING,3030
ROY10,ROYLANCES TRACTOR REPLACEMENTS,3020
RPA00,R P AUTO SPARES,3010
SAB02,S.A BRAKE AND CLUTCH,3050
SAL05,AUTOPRO SALISBURY,3030
SAL07,AUTOBARN SALE,3021
SAT99,FLEXIBLE DRIVE SA SALES TEST A,3010
SBS01,STOPMASTER BRAKE SERVICE,3040
SCH13,SCHILL AUTO PARTS,3030
SCO09,AUTO ONE SCONE,3030
SEQ00,SEQ AUTO PARTS,3020
SEV05,SEVEN DAY SPARES,3050
SEY03,AUTOBARN SEYMOUR,3021
SEY04,MAC'S DIESEL SERVICE,3030
SGE00,SGESCO AUTO PARTS,3030
SHE10,SHEATHERS MACHINERY PTY LTD,3020
SHE28,SHEPP CITY BEARINGS PTY LTD,3030
SHE29,AUTOBARN SHEPPARTON,3021
SKI16,SKI'S AUTOMOTIVE TRADE PARTS,3030
SLA00,SLACKS CREEK BRAKE & CLUTCH,3040
SMA02,CLASSIC FORD SMALL SUPPLIES,3020
SMA03,SMAILL HORSE TRACTORS AUST,3010
SMI04,SMITHS AUTO PERFORMANCE,3030
SOL01,SOLID MECHANICAL & ENGINEERING,3030
SOM00,AUTOPRO SOMERVILLE,3021
SOU12,MOTO PARTS ON THE MOVE,3010
SOU21,SOURCE MY PARTS PTY LTD,3020
SOU36,SOUTHSTATE INDUSTRIAL SUPPLIES,3020
SOU56,AUTOBARN SOUTHBANK,3021
SOU76,SOUTHERN PERFORMANCE SPARES(A1,3030
SPA04,SPARCO AUTO PARTS,3031
SPE02,SPEEDS HOLDEN SPARES,3030
SPE17,VLI DIESEL PTY LIMITED,3020
SPE28,SPENCER GULF BEARING SUPPLY CO,3010
SPE39,SPECIALISED BRAKE & CLUTCH,3050
SPR00,SPRINT AUTO PARTS GOLDEN GROVE,3030
SPR01,AUTOPRO GAWLER,3021
SPR03,AUTOPRO MAWSON LAKES,3030
SPR05,AUTOPRO/SPRINT ABERFOYLE PARK,3030
SPR11,PARTS4 MILDURA,3030
SPR12,AUTOPRO/SPRINT PARAFIELD GARDE,3021
SPR16,AUTOPRO MUNNO PARA,3021
SPR17,AUTOPRO/SPRINT KILKENNY,3030
SPR18,AUTOPRO HOLDEN HILL,3030
SPR19,AUTOPRO REYNELLA,3030
SPR22,AUTO ONE SEAFORD,3030
SPR25,AUTOPRO CEDUNA,3021
SPR26,SPRINT STRATHALBYN,3030
SPR27,AUTOPRO HECTORVILLE,3030
SPR29,AUTOPRO/SPRINT KADINA,3021
SPR32,AUTOPRO INGLE FARM,3021
STA15,STAWELL AUTO PRO,3050
STA44,STAWELL HYDRAULICS PTY LTD,3030
STA45,STAUNCH MACHINERY AUSTRALIA P/,3030
STE07,STERLING AUTO ELEC SUPPLIES,3010
STE08,STEERING BRAKE & CLUTCH,3031
STM01,AUTO ONE ST MARYS,3030
STO02,AUTOBARN STONES CORNER,3021
STO10,STOKIE'S AUTOMOTIVE SPARES PL,3040
STR10,AUTOBARN STRATHPINE,3021
SUN10,SUNBURY BRAKES PTY LTD,3030
SUN13,SUNSHINE REFUELLERS PTY LTD,3030
SUN20,SUNRAYSIA MARINE,3030
SUN21,AUTOBARN SUNBURY,3021
SUN24,SUNSHINE COAST BRAKE AND CLUTC,3030
SUN25,COOLUM CAR BITZ P/L,3030
SUP08,SUPER POWER EXHAUST & AUTO PAR,3030
SUP10,SUPREME FORKLIFTS,3030
SUP17,SUPER MOTOR SPARES,3030
SUP29,SUPEROO FALCON SPARES PTY LTD,3030
SUT03,SUTTONS MOTORS,3020
SUT08,SUTHERLAND SHIRE CLUTCH & BRAK,3030
SUZ03,SUZI STORE,3010
SWA15,AUTOBARN SWAN HILL,3021
SYM01,SYMO AUTO-KNOW,3010
TAM01,AUTOBARN TAMWORTH,3021
TAR08,AUTOPRO TAREE,3021
TAT99,FLEXIBLE DRIVE TAS SALES TEST,3020
TCR00,TCR,3031
TER06,TERRY S AUTO PARTS,3020
THE05,THE MANCAVE GARAGE,3020
THO10,THOMAS PARKER,3010
THO13,THOMAS BRAKE CLUTCH & TYRES,3040
TID01,TIDD ROSS TODD LTD,3030
TNT00,TNT AUTO PARTS,3030
TOM00,TOM O'DEA AUTO SPARES,3030
TON06,TONY'S TRUCK PARTS PTY LTD,3010
TOO03,AUTOBARN TOOWOOMBA,3021
TOR15,TORNADO SOLUTIONS PTY LTD,3030
TOW03,AUTOBARN TOWNSVILLE,3021
TRA05,TRANZMILE KINGAROY,3020
TRA07,TRANS TASMAN ENGINEERING LTD,3030
TRA37,TRANZMILE PTY LTD,3020
TRA50,AUTOBARN TRARALGON,3021
TRA59,TRACTORS & IND'L MACHINERY,3020
TRA64,TRADE AUTO PARTS,3030
TRA65,TRADE BRAKE AND CLUTCH CO,3031
TRE08,TRELLEBORG MARINE SYSTEMS,3030
TRI00,TRIPLE S AUTOPRO,3021
TRU01,TRUCKLINE (ALBANY),3030
TRU05,TRUCKLINE (PORT HEDLAND),3030
TRU07,TRUCKLINE (TAMWORTH),3030
TRU08,TRUCKLINE (DARRA),3030
TRU09,TRUCKLINE (TOOWOOMBA),3030
TRU10,TRUCKLINE (TOWNSVILLE),3030
TRU11,TRUCKLINE (ROCKHAMPTON),3030
TRU12,TRUCKLINE (BOTANY),3030
TRU13,TRUCKLINE (GOSFORD),3030
TRU14,TRUCK CAR MARINE ELECTRICS P/L,3010
TRU20,TRUCKLINE (WELSHPOOL),3030
TRU21,TRUCKLINE (REGENCY PARK),3030
TRU26,TRUCKLINE PARTS CENTRES,3030
TRU28,TRUCKLINE (NEWCASTLE),3030
TRU30,TRUCKLINE (BUNBURY),3030
TRU31,TRUCKLINE (SPEARWOOD),3030
TRU32,TRUCKLINE (KALGOORLIE),3030
TRU33,TRUCKLINE (GERALDTON),3030
TRU34,TRUCKLINE PARTS (MIDVALE),3030
TRU35,TRUCKLINE (VIRGINIA),3030
TRU37,TRUCKLINE (WETHERILL PARK),3030
TRU38,TRUCKLINE (PAGET),3030
TRU39,TRUCKZONE - CHIPPING NORTON,3030
TRU40,TRUCKZONE - WETHERILL PARK,3030
TRU41,TRUCKZONE - ROCKLEA,3030
TRU42,TRUCKZONE - TOWNSVILLE,3030
TRU43,TRUCKZONE - ROCKHAMPTON,3030
TRU44,TRUCKZONE - SUNSHINE WEST,3030
TRU45,TRUCKZONE - PAKENHAM,3030
TRU46,TRUCKZONE - WELSHPOOL,3030
TRU47,TRUCKZONE - PORT HEDLAND,3030
TRU48,TRUCKLINE (GRIFFITH),3030
TRU49,TRUCKLINE (IPSWICH),3030
TRU50,TRUCKLINE (BALLARAT),3030
TRU51,TRUCKLINE (BROOKLYN),3030
TRU52,TRUCKLINE (CAMPBELLFIELD),3030
TRU53,TRUCKLINE (GEELONG),3030
TRU54,TRUCKLINE (HALLAM),3030
TRU55,TRUCKLINE (WANGARATTA),3030
TRU57,TRUCKLINE (WOLLONGONG),3030
TTP00,TTP TRUCK & TRAILER PARTS P/L,3030
TUG00,AUTOBARN TUGGERANONG,3021
TUG01,BURSON AUTO PARTS TUGGERANONG,3010
TUN01,TUNCURRY AUTO SPARES,3030
TWE00,BHSS-TBS Automotive Engineers,3030
TWE03,AUTO ONE MURWILLUMBAH,3040
TWE04,AUTOBARN TWEED HEADS,3021
TWO03,AUTOPRO TWO WELLS,3030
ULT05,ULTIMATE MOAMA,3030
UNI14,UNIVERSAL SPARES,3030
UPP00,AUTOBARN UPPER COOMERA,3021
VAC04,VACUUM TRUCK SUPPLIES PTY LTD,3030
VAL05,VALLEY HYDRAULICS,3030
VIL01,AUTOBARN VILLAWOOD,3021
VIL02,AUTOBARN VILLAWOOD,3021
VIR02,AUTOBARN VIRGINIA,3021
VIT99,FLEXIBLE DRIVE VIC SALES TEST,3030
VON01,VON PACE WHOLESALE PTY LTD,3030
VRT00,VRT AUTO AND FARM,3030
W-P00,W & P PUMPS AND DAIRY SERVICES,3030
WAG02,UNITED EQUIPMENT PTY LTD,3030
WAG07,WAGGA TRACTOR PARTS,3010
WAI03,AUTO ONE WAITARA,3030
WAL00,WALSH S AUTO,3040
WAL08,WALTANNA AUSTRALIA,3030
WAN02,AUTOPRO WANNEROO,3021
WAN04,WANGARATTA BRAKE CLUTCH & AUTO,3030
WAR04,AUTOBARN WARRIEWOOD,3021
WAR05,WARD MOTORS (GRIFFITH) PTY LTD,3030
WAR06,WARRINGAH BRAKE & CLUTCH CENTR,3040
WAR21,AUTO ONE WARWICK,3030
WAR24,AUTOBARN WARNERS BAY,3021
WAR26,WARRNAMBOOL HYDRAULICS,3010
WAR28,AUTOBARN WARRNAMBOOL,3021
WARDMOTORS,AUTOBARN ARMIDALE,3021
WAT24,WATERBLASTER REPAIRS,3030
WAT99,FLEXIBLE DRIVE WA SALES TEST A,3031
WAU04,AUTOBARN WAURN PONDS,3021
WDP00,WD & PR SURPLICE P/L,3030
WEN01,WENTY SPARES & PERFORMANCE,3030
WER01,WERRIBEE AUTO PARTS,3050
WES05,WESTERN CLUTCH SERVICE PTY LTD,3030
WES72,WESTAR TRUCKS (Use Capricorn A,3030
WES94,LANDMARK - AWB (QLD),3030
WES96,LANDMARK - AN AWB COMPANY (W),3030
WES99,WESTERN TRUCK SALES P/L,3030
WHI04,WHITEHORSE TRUCK CENTRES P/L.,3030
WHI09,WHITE DIESELS AUSTRALIA PTY LT,3010
WHI16,A1 AUTOPARTS WHITTLESEA,3030
WHO00,WHOLESALE CAR PARTS AUSTRALIA,3020
WHY01,WHYALLA BRAKE AND CLUTCH,3050
WID01,WIDE BAY AUTO PARTS,3010
WIL01,WILLIAM ADAMS PTY LTD,3030
WIM05,WIMMERA BEARINGS AUST PTY LTD,3030
WIN12,A1 AUTOPARTS WINNELLIE,3030
WIN14,WINDSOR AUTO SPARES PTY LTD,3010
WIN16,BRANDT TRACTOR P/L BROWN HILL,3010
WOD00,WODONGA BRAKE & CLUTCH,3050
WOL00,WOLLONGONG AUTO SUPPLIES,3030
WOL01,WOLLONGONG AUTO SUPPLIES,3030
WOL03,AUTO ONE GATESHEAD / NEWCASTLE,3020
WON01,AUTOPRO WONTHAGGI,3021
WOO00,AUTO ONE WOORI YALLOCK,3030
WRI02,WRIGHTS CLUTCH SERVICE,3030
WRI03,WRIGHTS TRUCK & TRAILER PARTS,3010
YAS01,AUTOPRO YASS,3021
YEL02,YELLA TERRA,3020
YES00,YESTERFORD,3020
ZED00,ZEDZ CLUTCH AND BRAKE SERVICE,3030
